{
  "market": {
    "tam": 2000000000,
    "sam": 200000000,
    "som": 20000000,
    "segments": 5
  },
  "positioning": {
    "asp": 55.0,
    "efficiency_advantage": 2.5
  },
  "segment_adoption": {
    "industrial_iot": {
      "segment_name": "Industrial IoT",
      "segment_size": 70000.0,
      "adoption_speed": "medium",
      "decision_cycle_months": 6,
      "monthly_adoption": [
        98068.76774701559,
        133047.97685315792,
        172825.15123087223,
        212207.77892526693,
        243218.17186914777,
        257646.30999326363,
        251106.25151469844,
        225630.160756193,
        188433.84400016206,
        148013.78289811965,
        110781.79377504028,
        79962.57239932884,
        56222.43872401496,
        38806.52762935258,
        26445.44678501574,
        17865.35829340608,
        11998.130041045828,
        8025.941441421615,
        5354.610199622792,
        3566.087237208414,
        2372.163753436404,
        1576.729347420192,
        1047.4745658562795,
        695.6320386508586,
        461.8658838629887,
        306.6097353060992,
        203.5223060852379,
        135.08554993433918,
        89.657453106639,
        59.504668375618536,
        39.49181963009337,
        26.209430564073482,
        17.39419226932722,
        11.54379091410208,
        7.661097364971653,
        5.084314568114669
      ],
      "cumulative_adoption": [
        2503.071497950913,
        5953.939698152752,
        10535.005037459907,
        16320.533021214105,
        23183.904974396155,
        30746.46525110127,
        38430.68191604274,
        45621.63101709851,
        51850.89744355332,
        56896.22548549423,
        60764.739294814346,
        63608.12941970854,
        65633.74530510468,
        67044.87232545929,
        68012.67478676907,
        68669.33423195373,
        69111.63890053832,
        69408.09722625291,
        69606.14538068126,
        69738.15901516913,
        69826.02629668971,
        69884.45278501879,
        69923.27758210896,
        69949.06574513839,
        69966.18979981274,
        69977.55847315153,
        69985.1051864858,
        69990.11439754655,
        69993.43912861893,
        69995.6457488432,
        69997.1102440946,
        69998.08218808971,
        69998.72723277558,
        69999.15532292536,
        69999.43942773945,
        69999.62797515032
      ],
      "peak_month": 6.192619197703112
    },
    "smart_cameras": {
      "segment_name": "Smart Cameras",
      "segment_size": 50000.0,
      "adoption_speed": "fast",
      "decision_cycle_months": 4,
      "monthly_adoption": [
        72697.97707367124,
        98977.52933399871,
        123288.65471112047,
        137546.98795884312,
        135753.80982792802,
        118713.27311693509,
        93350.73886205658,
        67493.03629986192,
        45906.53282166878,
        29947.484185856167,
        19009.74723168159,
        11858.750730678466,
        7317.821962912512,
        4485.483545360723,
        2738.094851588961,
        1667.2306577233257,
        1013.6261106830653,
        615.6806025067106,
        373.7554068479965,
        226.81425861961446,
        137.6140290653145,
        83.48340439780486,
        50.64123356437017,
        30.717664427352446,
        18.63201600832569,
        11.301187230923457,
        6.854626277457641,
        4.157581366615436,
        2.521715420004484,
        1.5295031806832364,
        0.9276925830863518,
        0.5626747338231277,
        0.34127974951737683,
        0.20699673168758567,
        0.12554990104116748,
        0.07614987784786195
      ],
      "cumulative_adoption": [
        3046.0054977919253,
        7331.628704670773,
        12912.658985728849,
        19491.836687737985,
        26395.60285358415,
        32809.32542794531,
        38127.87286503751,
        42138.13609767855,
        44950.36875505436,
        46823.64547633415,
        48029.10563399687,
        48787.66951316457,
        49258.3160933971,
        49547.7704370673,
        49724.827557121345,
        49832.77357000769,
        49898.45177216532,
        49938.36355682905,
        49962.599280666676,
        49977.30930652177,
        49986.23518663191,
        49991.65040467686,
        49994.935414943175,
        49996.928063695,
        49998.13673590762,
        49998.86985828695,
        49999.31452891459,
        49999.58423875191,
        49999.74782731337,
        49999.84704926084,
        49999.907230586774,
        49999.943732469634,
        49999.96587200409,
        49999.97930031913,
        49999.98744500706,
        49999.992385011166
      ],
      "peak_month": 4.394449154672438
    },
    "robotics": {
      "segment_name": "Robotics",
      "segment_size": 40000.0,
      "adoption_speed": "slow",
      "decision_cycle_months": 12,
      "monthly_adoption": [
        52577.35284863918,
        68023.01896536225,
        86222.43332999994,
        106494.68625957034,
        127395.2722023944,
        146689.05691094126,
        161650.61755557457,
        169734.86774502794,
        169411.3432466999,
        160743.37256443966,
        145363.07124763148,
        125857.99951311988,
        104936.07068251366,
        84778.95622472574,
        66770.07743059767,
        51540.17163393743,
        39170.89788155953,
        29420.440674561763,
        21901.680366237273,
        16196.921968285678,
        11919.603449286556,
        8740.298241490922,
        6392.090955552716,
        4665.735338082178,
        3400.82570159905,
        2476.2921522364636,
        1801.7480258151477,
        1310.235927557027,
        952.4294151599232,
        692.1352239765566,
        502.87281579811497,
        365.3080897126581,
        265.3459226729181,
        192.72172785619992,
        139.9663440070877,
        101.64784245629025
      ],
      "cumulative_adoption": [
        921.1084379697357,
        2122.2901637535047,
        3660.513854199666,
        5585.180471069845,
        7924.674987370905,
        10670.399244804483,
        13763.321111886855,
        17090.34273917902,
        20496.29207092608,
        23810.800957870455,
        26881.0597940231,
        29597.80471703108,
        31906.0620188372,
        33800.53248184563,
        35311.713115871426,
        36489.984355038025,
        37392.46126734923,
        38074.309559238995,
        38584.162245541,
        38962.46227057642,
        39241.542168428845,
        39446.5523529211,
        39596.68184176,
        39706.37080454748,
        39786.37884684359,
        39844.666226866255,
        39887.091961861326,
        39917.95247806231,
        39940.38987952604,
        39956.697600897525,
        39968.5472628875,
        39977.15601358713,
        39983.40942873009,
        39987.95148966677,
        39991.25030919278,
        39993.64606361583
      ],
      "peak_month": 8.462656878444406
    },
    "maker_prosumer": {
      "segment_name": "Maker/Prosumer",
      "segment_size": 30000.0,
      "adoption_speed": "fast",
      "decision_cycle_months": 1,