{
  "timestamp": "2026-03-09T08:36:02.450648",
  "model": "moonshot-v1-128k",
  "simulations": {
    "3d_visualization": {
      "cells": [
        {
          "cell_id": "A1",
          "position": {
            "x": 1.6601221643037867,
            "y": -4.269853477647093,
            "z": 8.88888888888889
          },
          "rotation": {
            "x": 0.0,
            "y": 30.0,
            "z": 0
          },
          "scale": 0.5,
          "color": "#00FF00",
          "opacity": 0.8,
          "glow_intensity": 0.3,
          "particle_effects": [],
          "connections_3d": []
        },
        {
          "cell_id": "A2",
          "position": {
            "x": -8.021069407451504,
            "y": 3.9575807712345603,
            "z": 8.0
          },
          "rotation": {
            "x": 2.9950024994048445,
            "y": 29.850124958340775,
            "z": 5
          },
          "scale": 0.6,
          "color": "#FF8800",
          "opacity": 0.8,
          "glow_intensity": 0.5,
          "particle_effects": [
            "pulse",
            "trail"
          ],
          "connections_3d": [
            {
              "target": "A1",
              "start": {
                "x": -8.021069407451504,
                "y": 3.9575807712345603,
                "z": 8.0
              },
              "end": {
                "x": 1.6601221643037867,
                "y": -4.269853477647093,
                "z": 8.88888888888889
              },
              "color": "#FF8800",
              "animated": true
            }
          ]
        },
        {
          "cell_id": "A3",
          "position": {
            "x": 12.041451672029195,
            "y": 3.50533767952094,
            "z": 6.222222222222222
          },
          "rotation": {
            "x": 5.960079923851836,
            "y": 29.401997335237247,
            "z": 10
          },
          "scale": 0.7,
          "color": "#FF00FF",
          "opacity": 0.8,
          "glow_intensity": 0.7,
          "particle_effects": [
            "pulse",
            "trail",
            "wave"
          ],
          "connections_3d": [
            {
              "target": "A1",
              "start": {
                "x": 12.041451672029195,
                "y": 3.50533767952094,
                "z": 6.222222222222222
              },
              "end": {
                "x": 1.6601221643037867,
                "y": -4.269853477647093,
                "z": 8.88888888888889
              },
              "color": "#FF00FF",
              "animated": true
            },
            {
              "target": "A2",
              "start": {
                "x": 12.041451672029195,
                "y": 3.50533767952094,
                "z": 6.222222222222222
              },
              "end": {
                "x": -8.021069407451504,
                "y": 3.9575807712345603,
                "z": 8.0
              },
              "color": "#FF00FF",
              "animated": true
            }
          ]
        },
        {
          "cell_id": "A4",
          "position": {
            "x": -7.086760035196341,
            "y": -11.666139886777673,
            "z": 3.111111111111112
          },
          "rotation": {
            "x": 8.865606199840188,
            "y": 28.660094673768178,
            "z": 15
          },
          "scale": 0.6,
          "color": "#FF0000",
          "opacity": 0.8,
          "glow_intensity": 0.7,
          "particle_effects": [
            "pulse",
            "spiral",
            "spark"
          ],
          "connections_3d": [
            {
              "target": "A3",
              "start": {
                "x": -7.086760035196341,
                "y": -11.666139886777673,
                "z": 3.111111111111112
              },
              "end": {
                "x": 12.041451672029195,
                "y": 3.50533767952094,
                "z": 6.222222222222222
              },
              "color": "#FF0000",
              "animated": true
            }
          ]
        },
        {
          "cell_id": "A5",
          "position": {
            "x": -2.722891018475529,
            "y": 13.73265686243945,
            "z": 8.572527594031472e-16
          },
          "rotation": {
            "x": 11.682550269259515,
            "y": 27.63182982008655,
            "z": 20
          },
          "scale": 0.7,
          "color": "#00FFFF",
          "opacity": 0.8,
          "glow_intensity": 0.7,
          "particle_effects": [
            "pulse",
            "trail",
            "wave"
          ],
          "connections_3d": [
            {
              "target": "A3",
              "start": {
                "x": -2.722891018475529,
                "y": 13.73265686243945,
                "z": 8.572527594031472e-16
              },
              "end": {
                "x": 12.041451672029195,
                "y": 3.50533767952094,
                "z": 6.222222222222222
              },
              "color": "#00FFFF",
              "animated": true
            },
            {
              "target": "A4",
              "start": {
                "x": -2.722891018475529,
                "y": 13.73265686243945,
                "z": 8.572527594031472e-16
              },
              "end": {
                "x": -7.086760035196341,
                "y": -11.666139886777673,
                "z": 3.111111111111112
              },
              "color": "#00FFFF",
              "animated": true
            }
          ]
        },
        {
          "cell_id": "A6",
          "position": {
            "x": 7.858503987081233,
            "y": -5.7711041820513085,
            "z": -2.222222222222224
          },
          "rotation": {
            "x": 14.38276615812609,
            "y": 26.327476856711183,
            "z": 25
          },
          "scale": 0.6,
          "color": "#0088FF",
          "opacity": 0.8,
          "glow_intensity": 0.3,
          "particle_effects": [],
          "connections_3d": [
            {
              "target": "A5",
              "start": {
                "x": 7.858503987081233,
                "y": -5.7711041820513085,
                "z": -2.222222222222224
              },
              "end": {
                "x": -2.722891018475529,
                "y": 13.73265686243945,
                "z": 8.572527594031472e-16
              },
              "color": "#0088FF",
              "animated": true
            }
          ]
        },
        {
          "cell_id": "B1",
          "position": {
            "x": -8.905675998555875,
            "y": -0.967392675697288,
            "z": -4.444444444444444
          },
          "rotation": {
            "x": 16.939274201851063,
            "y": 24.760068447290347,
            "z": 30
          },
          "scale": 0.5,
          "color": "#00FF00",
          "opacity": 0.8,
          "glow_intensity": 0.3,
          "particle_effects": [],
          "connections_3d": []
        },
        {
          "cell_id": "B2",
          "position": {
            "x": 5.9041995569290675,
            "y": 6.718662634182384,
            "z": -8.0
          },
          "rotation": {
            "x": 19.326530617130732,
            "y": 22.945265618534652,
            "z": 35
          },
          "scale": 0.7,
          "color": "#FFFFFF",
          "opacity": 0.8,
          "glow_intensity": 0.5,
          "particle_effects": [
            "pulse"
          ],
          "connections_3d": [
            {
              "target": "A1",
              "start": {
                "x": 5.9041995569290675,
                "y": 6.718662634182384,
                "z": -8.0
              },
              "end": {
                "x": 1.6601221643037867,
                "y": -4.269853477647093,
                "z": 8.88888888888889
              },
              "color": "#FFFFFF",