{
  "simulation_id": "F2",
  "simulation_name": "Adversarial Robustness Simulation",
  "config": {
    "input_dim": 784,
    "hidden_dims": [
      256,
      128
    ],
    "output_dim": 10,
    "epsilon_values": [
      0.01,
      0.03,
      0.1
    ],
    "attack_methods": [
      "FGSM",
      "PGD",
      "DeepFool",
      "C&W"
    ]
  },
  "results": {
    "ternary": {
      "attacks": {
        "FGSM": {
          "epsilon_results": {
            "0.01": {
              "success_rate": 7.843106666575063e-23,
              "avg_perturbation_magnitude": 0.00895,
              "avg_confidence_drop": 0.000175
            },
            "0.03": {
              "success_rate": 1.058708661263446e-22,
              "avg_perturbation_magnitude": 0.02685,
              "avg_confidence_drop": 0.000525
            },
            "0.1": {
              "success_rate": 3.0254199895626543e-22,
              "avg_perturbation_magnitude": 0.08950000000000001,
              "avg_confidence_drop": 0.0017500000000000003
            }
          },
          "overall_success_rate": 1.6228131058278687e-22,
          "avg_perturbation_magnitude": 0.041766666666666674,
          "confidence_drop": 0.0008166666666666668
        },
        "PGD": {
          "epsilon_results": {
            "0.01": {
              "success_rate": 4.997582374569203e-15,
              "avg_perturbation_magnitude": 0.00895,
              "avg_confidence_drop": 0.000175
            },
            "0.03": {
              "success_rate": 6.353172347332315e-15,
              "avg_perturbation_magnitude": 0.02685,
              "avg_confidence_drop": 0.000525
            },
            "0.1": {
              "success_rate": 1.4716278623159085e-14,
              "avg_perturbation_magnitude": 0.08950000000000001,
              "avg_confidence_drop": 0.0017500000000000003
            }
          },
          "overall_success_rate": 8.6890111150202e-15,
          "avg_perturbation_magnitude": 0.041766666666666674,
          "confidence_drop": 0.0008166666666666668
        },
        "DeepFool": {
          "epsilon_results": {
            "0.01": {
              "success_rate": 1.4270664977286647e-15,
              "avg_perturbation_magnitude": 0.00895,
              "avg_confidence_drop": 0.000175
            },
            "0.03": {
              "success_rate": 2.12893304648806e-15,
              "avg_perturbation_magnitude": 0.02685,
              "avg_confidence_drop": 0.000525
            },
            "0.1": {
              "success_rate": 8.63324921953274e-15,
              "avg_perturbation_magnitude": 0.08950000000000001,
              "avg_confidence_drop": 0.0017500000000000003
            }
          },
          "overall_success_rate": 4.0630829212498215e-15,
          "avg_perturbation_magnitude": 0.041766666666666674,
          "confidence_drop": 0.0008166666666666668
        },
        "C&W": {
          "epsilon_results": {
            "0.01": {
              "success_rate": 3.6196204686172194e-14,
              "avg_perturbation_magnitude": 0.00895,
              "avg_confidence_drop": 0.000175
            },
            "0.03": {
              "success_rate": 4.4210144238619747e-14,
              "avg_perturbation_magnitude": 0.02685,
              "avg_confidence_drop": 0.000525
            },
            "0.1": {
              "success_rate": 8.902829765816966e-14,
              "avg_perturbation_magnitude": 0.08950000000000001,
              "avg_confidence_drop": 0.0017500000000000003
            }
          },
          "overall_success_rate": 5.6478215527653865e-14,
          "avg_perturbation_magnitude": 0.041766666666666674,
          "confidence_drop": 0.0008166666666666668
        }
      },
      "robustness_metrics": {
        "avg_certified_radius": 0.05,
        "lipschitz_estimate": 2.5,
        "robustness_score": 0.9999999999999827,
        "discretization_effect": {
          "weight_bound": 1.0,
          "gradient_bound": "bounded",
          "sparsity": 0.33,
          "discretization_levels": 3,
          "noise_injection_effect": "Strong - weights act as noise filter"
        }
      },
      "theoretical_bounds": {
        "gradient_bound": 1.25,
        "certified_radius": 0.05,
        "theoretical_robustness_gain": 1.8
      }
    },
    "float32": {
      "attacks": {
        "FGSM": {
          "epsilon_results": {
            "0.01": {
              "success_rate": 0.5374298453437496,
              "avg_perturbation_magnitude": 0.006999999999999999,
              "avg_confidence_drop": 0.01
            },
            "0.03": {
              "success_rate": 0.610639233949222,
              "avg_perturbation_magnitude": 0.020999999999999998,
              "avg_confidence_drop": 0.03
            },
            "0.1": {
              "success_rate": 0.8175744761936437,
              "avg_perturbation_magnitude": 0.06999999999999999,
              "avg_confidence_drop": 0.1
            }
          },
          "overall_success_rate": 0.6552145184955385,
          "avg_perturbation_magnitude": 0.03266666666666666,
          "confidence_drop": 0.04666666666666667
        },
        "PGD": {
          "epsilon_results": {
            "0.01": {
              "success_rate": 0.5299640517645717,
              "avg_perturbation_magnitude": 0.006999999999999999,
              "avg_confidence_drop": 0.01
            },
            "0.03": {
              "success_rate": 0.5890404340586651,
              "avg_perturbation_magnitude": 0.020999999999999998,
              "avg_confidence_drop": 0.03
            },
            "0.1": {
              "success_rate": 0.7685247834990178,
              "avg_perturbation_magnitude": 0.06999999999999999,
              "avg_confidence_drop": 0.1
            }
          },
          "overall_success_rate": 0.6291764231074182,
          "avg_perturbation_magnitude": 0.03266666666666666,
          "confidence_drop": 0.04666666666666667
        },
        "DeepFool": {
          "epsilon_results": {
            "0.01": {
              "success_rate": 0.549833997312478,
              "avg_perturbation_magnitude": 0.006999999999999999,
              "avg_confidence_drop": 0.01
            },
            "0.03": {
              "success_rate": 0.6456563062257954,
              "avg_perturbation_magnitude": 0.020999999999999998,
              "avg_confidence_drop": 0.03
            },
            "0.1": {
              "success_rate": 0.8807970779778823,
              "avg_perturbation_magnitude": 0.06999999999999999,
              "avg_confidence_drop": 0.1
            }
          },
          "overall_success_rate": 0.6920957938387186,
          "avg_perturbation_magnitude": 0.03266666666666666,
          "confidence_drop": 0.04666666666666667
        },
        "C&W": {
          "epsilon_results": {
            "0.01": {
              "success_rate": 0.52497918747894,
              "avg_perturbation_magnitude": 0.006999999999999999,
              "avg_confidence_drop": 0.01
            },
            "0.03": {
              "success_rate": 0.574442516811659,
              "avg_perturbation_magnitude": 0.020999999999999998,
              "avg_confidence_drop": 0.03
            },
            "0.1": {
              "success_rate": 0.7310585786300049,
              "avg_perturbation_magnitude": 0.06999999999999999,
              "avg_confidence_drop": 0.1
            }
          },
          "overall_success_rate": 0.610160094306868,
          "avg_perturbation_magnitude": 0.03266666666666666,
          "confidence_drop": 0.04666666666666667
        }
      },
      "robustness_metrics": {
        "avg_certified_radius": 0.02,
        "lipschitz_estimate": 6.0,
        "robustness_score": 0.3533382925628642,
        "discretization_effect": {
          "weight_bound": "unbounded",
          "gradient_bound": "unbounded",
          "sparsity": 0.0,
          "discretization_levels": "infinite",